"Fecha Hora","Temp. promedio aire","Precipitación horaria","Humed. rel. promedio","Presión atmosférica","Radiación solar máx.","Veloc. máx. viento","Temp. Mínima","Temp. Máxima","Dirección del viento","Grados día (base 10)","Horas frío (base 7)"
"20-05-2026 00:00","0,8","0,0","100,0","993,2","0,6","0,0","0,6","1,0","201,0","--","--"
"20-05-2026 01:00","0,4","0,0","100,0","992,9","0,6","0,0","0,2","0,8","201,0","--","--"
"20-05-2026 02:00","-0,4","0,0","100,0","992,6","0,6","0,0","-1,0","0,4","201,0","--","--"
"20-05-2026 03:00","-0,5","0,0","100,0","992,3","0,6","0,0","-0,9","-0,2","199,0","--","--"
"20-05-2026 04:00","-0,9","0,0","100,0","991,7","0,6","0,0","-1,1","-0,6","199,0","--","--"
"20-05-2026 05:00","-1,4","0,0","99,9","991,5","0,6","0,0","-1,7","-0,8","199,0","--","--"
"20-05-2026 06:00","0,2","0,0","100,0","991,5","0,6","0,0","-0,3","0,6","199,0","--","--"
"20-05-2026 07:00","1,0","0,2","100,0","991,7","1,9","0,0","0,8","1,2","199,0","--","--"
"20-05-2026 08:00","1,5","0,0","100,0","992,1","63,1","0,0","1,0","2,2","193,0","--","--"
"20-05-2026 09:00","4,0","0,0","100,0","992,3","200,6","0,0","2,8","5,0","91,0","--","--"
"20-05-2026 10:00","5,6","0,0","100,0","992,7","219,4","0,0","5,0","6,3","24,0","--","--"
"20-05-2026 11:00","7,6","0,0","100,0","992,3","515,6","0,0","6,5","8,9","28,0","--","--"
"20-05-2026 12:00","9,9","0,0","96,3","991,8","559,4","0,0","9,1","11,1","273,0","--","--"
"20-05-2026 13:00","13,6","0,0","76,1","991,0","551,9","0,5","12,2","15,2","246,0","--","--"
"20-05-2026 14:00","15,6","0,0","68,7","990,1","500,6","0,5","15,2","16,0","227,0","--","--"
"20-05-2026 15:00","16,8","0,0","65,5","989,8","394,4","0,5","16,6","17,0","206,0","--","--"
"20-05-2026 16:00","16,3","0,0","67,0","989,6","111,9","0,0","15,9","16,5","226,0","--","--"
"20-05-2026 17:00","13,9","0,0","74,8","989,2","41,9","0,0","11,5","15,5","173,0","--","--"
"20-05-2026 18:00","8,9","0,0","91,1","989,3","0,6","0,0","7,5","10,5","171,0","--","--"
"20-05-2026 19:00","6,6","0,0","95,7","989,5","0,6","0,0","5,6","7,3","116,0","--","--"
"20-05-2026 20:00","4,9","0,0","98,1","989,7","0,6","0,0","3,9","5,9","98,0","--","--"
"20-05-2026 21:00","3,7","0,0","99,5","989,9","0,6","0,0","3,4","4,0","53,0","--","--"
"20-05-2026 22:00","3,8","0,0","100,0","990,3","0,6","0,0","3,3","4,3","53,0","--","--"
"20-05-2026 23:00","2,9","0,0","100,0","990,5","0,6","0,0","2,0","4,1","53,0","--","--"