Hora,Punto de Rocio (Pr),Clasificacion
"20-05-2026 00:00",0,80,"Riesgo de Escarcha"
"20-05-2026 01:00",0,40,"Riesgo de Escarcha"
"20-05-2026 02:00",-0,40,"Riesgo de Helada Negra"
"20-05-2026 03:00",-0,50,"Riesgo de Helada Negra"
"20-05-2026 04:00",-0,90,"Riesgo de Helada Negra"
"20-05-2026 05:00",-1,41,"Riesgo de Helada Negra"
"20-05-2026 06:00",0,20,"Riesgo de Escarcha"
"20-05-2026 07:00",1,00,"Riesgo de Escarcha"
"20-05-2026 08:00",1,50,"Riesgo de Escarcha"
"20-05-2026 09:00",4,00,"Ambiente seguro"
"20-05-2026 10:00",5,60,"Ambiente seguro"
"20-05-2026 11:00",7,60,"Ambiente seguro"
"20-05-2026 12:00",9,34,"Ambiente seguro"
"20-05-2026 13:00",9,47,"Ambiente seguro"
"20-05-2026 14:00",9,87,"Ambiente seguro"
"20-05-2026 15:00",10,29,"Ambiente seguro"
"20-05-2026 16:00",10,16,"Ambiente seguro"
"20-05-2026 17:00",9,50,"Ambiente seguro"
"20-05-2026 18:00",7,53,"Ambiente seguro"
"20-05-2026 19:00",5,96,"Ambiente seguro"
"20-05-2026 20:00",4,63,"Ambiente seguro"
"20-05-2026 21:00",3,63,"Ambiente seguro"
"20-05-2026 22:00",3,80,"Ambiente seguro"
"20-05-2026 23:00",2,90,"Riesgo de Escarcha"